,Team(s),ID,MLB ID,Pos,Bats,Throws,NAME,NAME_TEAM
0,CHA,102005,547989,1B,R,R,JOSE ABREU,JOSE ABREU CHA
1,ATL,60150,572669,CF,R,R,LANE ADAMS,LANE ADAMS ATL
2,WAS,59582,571431,1B,L,R,MATT ADAMS,MATT ADAMS WAS
3,MIN,50677,501303,2B,B,R,EHIRE ADRIANZA,EHIRE ADRIANZA MIN
4,MIL,59871,542583,1B,R,R,JESUS AGUILAR,JESUS AGUILAR MIL
5,ARI,69508,605113,SS,R,R,NICK AHMED,NICK AHMED ARI
6,MIL,31948,458006,P,L,R,MATT ALBERS,MATT ALBERS MIL
7,ATL,104004,645277,2B,B,R,OZHAINO ALBIES,OZHAINO ALBIES ATL
8,LAN,65851,518397,P,L,L,SCOTT ALEXANDER,SCOTT ALEXANDER LAN
9,PHI,68062,595751,C,R,R,JORGE ALFARO,JORGE ALFARO PHI
10,CLE,68494,592102,P,R,R,CODY ALLEN,CODY ALLEN CLE
11,CLE,104718,656185,CF,B,R,GREG ALLEN,GREG ALLEN CLE
12,KCA,50910,501659,CF,B,R,ABRAHAM ALMONTE,ABRAHAM ALMONTE KCA
13,CHN,70339,546991,CF,R,R,ALBERT ALMORA,ALBERT ALMORA CHN
14,CLE,58012,475174,1B,L,R,YONDER ALONSO,YONDER ALONSO CLE
15,SEA,104719,656186,P,R,R,DAN ALTAVILLA,DAN ALTAVILLA SEA
16,PHI,59584,571437,LF,R,R,AARON ALTHERR,AARON ALTHERR PHI
17,HOU,55877,514888,2B,R,R,JOSE ALTUVE,JOSE ALTUVE HOU
18,TBA,100568,621237,P,L,L,JOSE ALVARADO,JOSE ALVARADO TBA
19,ANA,50878,501625,P,L,L,JOSE ALVAREZ,JOSE ALVAREZ ANA
20,BAL,59218,476883,3B,L,R,PEDRO ALVAREZ,PEDRO ALVAREZ BAL
21,MIA,70928,605119,3B,R,R,BRIAN ANDERSON,BRIAN ANDERSON MIA
22,MIL,59304,502624,P,R,R,CHASE ANDERSON,CHASE ANDERSON MIL
23,CHA,102503,641313,SS,R,R,TIM ANDERSON,TIM ANDERSON CHA
24,COL,65947,542881,P,L,L,TYLER ANDERSON,TYLER ANDERSON COL
25,TBA,69156,542882,P,R,R,MATT ANDRIESE,MATT ANDRIESE TBA
26,TEX,46980,462101,SS,R,R,ELVIS ANDRUS,ELVIS ANDRUS TEX
27,NYA,100349,609280,3B,R,R,MIGUEL ANDUJAR,MIGUEL ANDUJAR NYA
28,PHI,103580,644364,P,R,R,VICTOR ARANO,VICTOR ARANO PHI
29,BAL,69801,606478,P,R,R,PEDRO ARAUJO,PEDRO ARAUJO BAL
30,TBA,50101,502042,P,R,R,CHRIS ARCHER,CHRIS ARCHER TBA
31,MIL,69600,606115,SS,R,R,ORLANDO ARCIA,ORLANDO ARCIA MIL
32,COL,59586,571448,3B,R,R,NOLAN ARENADO,NOLAN ARENADO COL
33,PHI,52691,453562,P,R,R,JAKE ARRIETA,JAKE ARRIETA PHI
34,SDN,102507,641319,2B,L,R,CARLOS ASUAJE,CARLOS ASUAJE SDN
35,NYA,66927,592122,1B,R,R,TYLER AUSTIN,TYLER AUSTIN NYA
36,ARI,58899,488671,C,L,R,ALEX AVILA,ALEX AVILA ARI
37,CHA,50866,501593,P,L,L,LUIS AVILAN,LUIS AVILAN CHA
38,TOR,55512,446099,P,R,R,JOHN AXFORD,JOHN AXFORD TOR
39,SLN,105531,664056,CF,R,R,HARRISON BADER,HARRISON BADER SLN
40,CHN,70387,595879,SS,R,R,JAVIER BAEZ,JAVIER BAEZ CHN
41,LAN,55520,520980,P,R,R,PEDRO BAEZ,PEDRO BAEZ LAN
42,CIN,45612,456701,P,R,R,HOMER BAILEY,HOMER BAILEY CIN
43,MIL,69158,542908,C,R,R,JETT BANDY,JETT BANDY MIL
44,ANA,99842,572703,P,R,R,LUKE BARD,LUKE BARD ANA
45,LAN,69513,605131,C,R,R,AUSTIN BARNES,AUSTIN BARNES LAN
46,TOR,66928,592130,P,L,R,DANNY BARNES,DANNY BARNES TOR
47,MIL,69837,606930,P,R,R,JACOB BARNES,JACOB BARNES MIL
48,BOS,70758,598264,P,R,R,MATT BARNES,MATT BARNES BOS
49,TEX,51059,501817,P,R,R,TONY BARNETTE,TONY BARNETTE TEX
50,CIN,59592,571466,C,B,R,TUCKER BARNHART,TUCKER BARNHART CIN
51,MIA,71177,607457,P,R,R,KYLE BARRACLOUGH,KYLE BARRACLOUGH MIA
52,ANA,103054,642545,P,R,R,JAIME BARRIA,JAIME BARRIA ANA
53,CLE,70335,545333,P,R,R,TREVOR BAUER,TREVOR BAUER CLE
54,SDN,59595,571473,P,L,L,BUDDY BAUMANN,BUDDY BAUMANN SDN
55,NYN,103870,639373,P,R,R,GERSON BAUTISTA,GERSON BAUTISTA NYN
56,BAL,58058,542921,3B,R,R,TIM BECKHAM,TIM BECKHAM BAL
57,ANA,66930,592135,P,R,R,CAM BEDROSIAN,CAM BEDROSIAN ANA
58,SFN,70759,595881,P,R,R,TYLER BEEDE,TYLER BEEDE SFN
59,CLE,31338,279571,P,R,R,MATT BELISLE,MATT BELISLE CLE
60,DET,65853,518445,P,R,L,CHAD BELL,CHAD BELL DET
61,PIT,70775,605137,1B,B,R,JOSH BELL,JOSH BELL PIT
62,LAN,102519,641355,1B,L,L,CODY BELLINGER,CODY BELLINGER LAN
63,SFN,65767,474832,1B,L,L,BRANDON BELT,BRANDON BELT SFN
64,TEX,340,134181,3B,R,R,ADRIAN BELTRE,ADRIAN BELTRE TEX
65,BOS,105574,643217,LF,L,L,ANDREW BENINTENDI,ANDREW BENINTENDI BOS
66,MIN,100574,621244,P,R,R,JOSE BERRIOS,JOSE BERRIOS MIN
67,NYA,49775,476454,P,R,R,DELLIN BETANCES,DELLIN BETANCES NYA
68,COL,65855,518452,P,R,R,CHAD BETTIS,CHAD BETTIS COL
69,BOS,70430,605141,CF,R,R,MOOKIE BETTS,MOOKIE BETTS BOS
70,TOR,70988,607352,P,R,R,JOE BIAGINI,JOE BIAGINI TOR
71,SFN,101991,621389,P,R,L,TY BLACH,TY BLACH SFN
72,COL,52804,453568,RF,L,L,CHARLIE BLACKMON,CHARLIE BLACKMON COL
73,SFN,31340,453923,CF,L,L,GREGOR BLANCO,GREGOR BLANCO SFN
74,CIN,71129,607468,2B,R,R,ALEX BLANDINO,ALEX BLANDINO CIN
75,BAL,58075,542947,P,L,L,RICHARD BLEIER,RICHARD BLEIER BAL
76,NYN,47078,460283,P,L,L,JERRY BLEVINS,JERRY BLEVINS NYN
77,BOS,67248,593428,SS,R,R,XANDER BOGAERTS,XANDER BOGAERTS BOS
78,MIA,59603,571506,PH,L,R,JUSTIN BOUR,JUSTIN BOUR MIA
79,ATL,50054,488721,CF,R,R,PETER BOURJOS,PETER BOURJOS ATL
80,SLN,100544,621199,P,R,R,MATT BOWMAN,MATT BOWMAN SLN
81,ARI,65809,502202,P,R,R,BRAD BOXBERGER,BRAD BOXBERGER ARI
82,DET,102011,571510,P,L,L,MATT BOYD,MATT BOYD DET
83,KCA,33003,430641,P,R,R,BLAINE BOYER,BLAINE BOYER KCA
84,BAL,58089,542960,P,R,R,BRAD BRACH,BRAD BRACH BAL
85,ARI,100355,611093,P,R,R,SILVINO BRACHO,SILVINO BRACHO ARI
86,SEA,70016,607473,P,R,R,CHASEN BRADFORD,CHASEN BRADFORD SEA
87,ARI,70431,605151,P,R,R,ARCHIE BRADLEY,ARCHIE BRADLEY ARI
88,BOS,68302,598265,CF,L,R,JACKIE BRADLEY,JACKIE BRADLEY BOS
89,CLE,49264,488726,LF,L,L,MICHAEL BRANTLEY,MICHAEL BRANTLEY CLE
90,PIT,103318,643230,P,L,L,STEVEN BRAULT,STEVEN BRAULT PIT
91,MIL,47127,460075,RF,R,R,RYAN BRAUN,RYAN BRAUN MIL
92,SLN,70432,605154,P,L,R,JOHN BREBBIA,JOHN BREBBIA SLN
93,HOU,70607,608324,3B,R,R,ALEX BREGMAN,ALEX BREGMAN HOU
94,SDN,70790,605155,P,R,R,COLTEN BREWER,COLTEN BREWER SDN
95,CIN,66940,592169,P,R,R,AUSTIN BRICE,AUSTIN BRICE CIN
96,ANA,66941,592170,P,R,R,PARKER BRIDWELL,PARKER BRIDWELL ANA
97,MIA,100634,621446,CF,R,R,LEWIS BRINSON,LEWIS BRINSON MIA
98,ATL,59607,571521,P,L,L,REX BROTHERS,REX BROTHERS ATL
99,NYN,47142,457803,RF,L,L,JAY BRUCE,JAY BRUCE NYN
100,CHN,68520,592178,3B,R,R,KRIS BRYANT,KRIS BRYANT CHN
101,OAK,50058,488748,P,L,L,RYAN BUCHTER,RYAN BUCHTER OAK
102,CHA,71057,607481,P,L,L,AARON BUMMER,AARON BUMMER CHA
103,BAL,70753,605164,P,B,R,DYLAN BUNDY,DYLAN BUNDY BAL
104,MIN,102544,641427,P,R,R,ALAN BUSENITZ,ALAN BUSENITZ MIN
105,TEX,47181,456713,P,R,R,MATT BUSH,MATT BUSH TEX
106,KCA,47155,460077,C,R,R,DREW BUTERA,DREW BUTERA KCA
107,CHN,99938,572750,P,R,R,EDDIE BUTLER,EDDIE BUTLER CHN
108,MIN,100631,621439,CF,R,R,BYRON BUXTON,BYRON BUXTON MIN
109,NYN,45398,452678,SS,B,R,ASDRUBAL CABRERA,ASDRUBAL CABRERA NYN
110,DET,31483,408234,1B,R,R,MIGUEL CABRERA,MIGUEL CABRERA DET
111,OAK,50199,502239,P,R,R,TREVOR CAHILL,TREVOR CAHILL OAK
112,MIL,47202,456715,CF,R,R,LORENZO CAIN,LORENZO CAIN MIL
113,ANA,67728,594777,RF,L,L,KOLE CALHOUN,KOLE CALHOUN ANA
114,ATL,101077,622666,3B,B,R,JOHAN CAMARGO,JOHAN CAMARGO ATL
115,DET,69338,600869,3B,B,R,JEIMER CANDELARIO,JEIMER CANDELARIO DET
116,OAK,66950,592192,1B,R,R,MARK CANHA,MARK CANHA OAK
117,SEA,31789,429664,2B,L,R,ROBINSON CANO,ROBINSON CANO SEA
118,CHN,102064,605170,C,B,R,VICTOR CARATINI,VICTOR CARATINI CHN
119,ATL,102546,641438,P,R,R,SHANE CARLE,SHANE CARLE ATL
120,SLN,60187,572761,3B,L,R,MATT CARPENTER,MATT CARPENTER SLN
121,DET,70297,543001,P,L,L,RYAN CARPENTER,RYAN CARPENTER DET
122,CLE,47229,471911,P,R,R,CARLOS CARRASCO,CARLOS CARRASCO CLE
123,BAL,58136,488768,P,R,R,ANDREW CASHNER,ANDREW CASHNER BAL
124,OAK,35863,433586,P,R,R,SANTIAGO CASILLA,SANTIAGO CASILLA OAK
125,DET,66955,592206,3B,R,R,NICK CASTELLANOS,NICK CASTELLANOS DET
126,CIN,100945,622491,P,R,R,LUIS CASTILLO,LUIS CASTILLO CIN
127,CHA,52461,456078,C,R,R,WELINGTON CASTILLO,WELINGTON CASTILLO CHA
128,MIN,58831,488771,C,L,R,JASON CASTRO,JASON CASTRO MIN
129,BAL,100368,612434,P,R,R,MIGUEL CASTRO,MIGUEL CASTRO BAL
130,MIA,57278,516770,SS,R,R,STARLIN CASTRO,STARLIN CASTRO MIA
131,SLN,55695,446399,P,R,L,BRETT CECIL,BRETT CECIL SLN
132,TEX,55701,518542,C,L,R,JUAN CENTENO,JUAN CENTENO TEX
133,PIT,45844,465041,C,R,R,FRANCISCO CERVELLI,FRANCISCO CERVELLI PIT
134,NYN,53004,493316,LF,R,R,YOENIS CESPEDES,YOENIS CESPEDES NYN
135,NYA,66339,570666,P,R,R,LUIS CESSA,LUIS CESSA NYA
136,MIL,49925,468504,P,R,R,JHOULYS CHACIN,JHOULYS CHACIN MIL
137,ARI,70436,605177,P,R,L,ANDREW CHAFIN,ANDREW CHAFIN ARI
138,NYA,53014,547973,P,L,L,AROLDIS CHAPMAN,AROLDIS CHAPMAN NYA
139,OAK,104744,656305,3B,R,R,MATT CHAPMAN,MATT CHAPMAN OAK
140,LAN,100288,608638,P,B,R,J.T. CHARGOIS,J.T. CHARGOIS LAN
141,CHN,58241,543022,P,R,R,TYLER CHATWOOD,TYLER CHATWOOD CHN
142,TEX,47279,445926,P,R,R,JESSE CHAVEZ,JESSE CHAVEZ TEX
143,TEX,33829,455139,C,R,R,ROBINSON CHIRINOS,ROBINSON CHIRINOS TEX
144,TBA,102336,630023,P,R,R,YONNY CHIRINOS,YONNY CHIRINOS TBA
145,CLE,58147,502082,3B,L,R,LONNIE CHISENHALL,LONNIE CHISENHALL CLE
146,MIL,68192,596847,1B,L,R,JI-MAN CHOI,JI-MAN CHOI MIL
147,TEX,31672,425783,LF,L,L,SHIN-SOO CHOO,SHIN-SOO CHOO TEX
148,SDN,103333,643256,P,R,R,ADAM CIMBER,ADAM CIMBER SDN
149,LAN,70349,571561,P,L,L,TONY CINGRANI,TONY CINGRANI LAN
150,CHN,55725,518553,P,R,R,STEVE CISHEK,STEVE CISHEK CHN
151,TEX,66960,592222,P,L,L,ALEX CLAUDIO,ALEX CLAUDIO TEX
152,CLE,70437,605182,P,R,R,MIKE CLEVINGER,MIKE CLEVINGER CLE
153,TOR,45514,461325,P,R,R,TYLER CLIPPARD,TYLER CLIPPARD TOR
154,MIA,58155,543031,P,R,R,TYLER CLOYD,TYLER CLOYD MIA
155,BAL,50167,502171,P,R,R,ALEX COBB,ALEX COBB BAL
156,WAS,68086,595918,P,R,R,A.J. COLE,A.J. COLE WAS
157,HOU,65957,543037,P,R,R,GERRIT COLE,GERRIT COLE HOU
158,TBA,55735,517008,P,R,R,ALEX COLOME,ALEX COLOME TBA
159,TEX,395,112526,P,R,R,BARTOLO COLON,BARTOLO COLON TEX
160,NYN,101614,624424,LF,L,R,MICHAEL CONFORTO,MICHAEL CONFORTO NYN
161,CHN,66719,575929,C,R,R,WILLSON CONTRERAS,WILLSON CONTRERAS CHN
162,MIA,103340,643265,OF,R,R,GARRETT COOPER,GARRETT COOPER MIA
163,ARI,59626,571578,P,L,L,PATRICK CORBIN,PATRICK CORBIN ARI
164,SDN,100404,614173,CF,L,R,FRANCHY CORDERO,FRANCHY CORDERO SDN
165,HOU,100502,621043,SS,R,R,CARLOS CORREA,CARLOS CORREA HOU
166,BAL,102555,641482,P,R,L,NESTOR CORTES,NESTOR CORTES BAL
167,OAK,99616,543056,P,L,L,DANIEL COULOMBE,DANIEL COULOMBE OAK
168,ANA,55752,446359,SS,R,R,ZACK COZART,ZACK COZART ANA
169,SFN,57758,543063,SS,L,R,BRANDON CRAWFORD,BRANDON CRAWFORD SFN
170,PHI,102559,641487,SS,L,R,J.P. CRAWFORD,J.P. CRAWFORD PHI
171,PIT,70438,605195,P,L,R,KYLE CRICK,KYLE CRICK PIT
172,TBA,70301,543068,DH,R,R,C.J. CRON,C.J. CRON TBA
173,SEA,34302,443558,DH,R,R,NELSON CRUZ,NELSON CRUZ SEA
174,SFN,47415,456501,P,R,R,JOHNNY CUETO,JOHNNY CUETO SFN
175,ATL,55773,518586,3B,R,R,CHARLIE CULBERSON,CHARLIE CULBERSON ATL
176,KCA,68089,596144,3B,R,R,CHESLOR CUTHBERT,CHESLOR CUTHBERT KCA
177,NYN,55784,518595,C,R,R,TRAVIS D'ARNAUD,TRAVIS D'ARNAUD NYN
178,CHN,53155,506433,P,R,R,YU DARVISH,YU DARVISH CHN
179,CHA,60958,571602,DH,R,R,MATT DAVIDSON,MATT DAVIDSON CHA
180,MIL,70977,605200,P,R,R,ZACH DAVIES,ZACH DAVIES MIL
181,BAL,52253,448801,1B,L,R,CHRIS DAVIS,CHRIS DAVIS BAL
182,HOU,70799,605204,3B,R,R,J.D. DAVIS,J.D. DAVIS HOU
183,OAK,59265,501981,LF,R,R,KHRIS DAVIS,KHRIS DAVIS OAK
184,CLE,34484,434658,LF,R,R,RAJAI DAVIS,RAJAI DAVIS CLE
185,COL,47360,451584,P,R,R,WADE DAVIS,WADE DAVIS COL
186,ARI,31714,407822,P,L,L,JORGE DE LA ROSA,JORGE DE LA ROSA ARI
187,NYN,67740,594798,P,L,R,JACOB DEGROM,JACOB DEGROM NYN
188,SLN,105846,657557,SS,R,R,PAUL DEJONG,PAUL DEJONG SLN
189,CHA,70802,547170,LF,L,R,NICK DELMONICO,NICK DELMONICO CHA
190,ARI,55831,518614,PH,L,R,DANIEL DESCALSO,DANIEL DESCALSO ARI
191,TEX,66975,592261,OF,R,R,DELINO DESHIELDS,DELINO DESHIELDS TEX
192,COL,45945,435622,SS,R,R,IAN DESMOND,IAN DESMOND COL
193,MIA,103737,628333,P,R,R,ODRISAMER DESPAIGNE,ODRISAMER DESPAIGNE MIA
194,HOU,70514,606965,P,R,R,CHRIS DEVENSKI,CHRIS DEVENSKI HOU
195,BOS,104042,646240,3B,L,R,RAFAEL DEVERS,RAFAEL DEVERS BOS
196,TOR,34706,649557,SS,R,R,ALEDMYS DIAZ,ALEDMYS DIAZ TOR
197,SEA,100572,621242,P,R,R,EDWIN DIAZ,EDWIN DIAZ SEA
198,PIT,66057,553869,C,R,R,ELIAS DIAZ,ELIAS DIAZ PIT
199,PIT,66638,572816,LF,L,R,COREY DICKERSON,COREY DICKERSON PIT
200,TEX,55842,518617,P,L,L,JAKE DIEKMAN,JAKE DIEKMAN TEX
201,MIA,65867,518618,2B,L,R,DEREK DIETRICH,DEREK DIETRICH MIA
202,WAS,67700,594694,SS,B,R,WILMER DIFO,WILMER DIFO WAS
203,TOR,56185,518626,3B,R,R,JOSH DONALDSON,JOSH DONALDSON TOR
204,WAS,53253,448281,P,L,L,SEAN DOOLITTLE,SEAN DOOLITTLE WAS
205,MIN,60219,572821,2B,R,R,BRIAN DOZIER,BRIAN DOZIER MIN
206,MIL,57806,543118,P,R,R,OLIVER DRAKE,OLIVER DRAKE MIL
207,NYA,66982,592273,3B,R,R,BRANDON DRURY,BRANDON DRURY NYA
208,KCA,56196,446263,1B,L,R,LUCAS DUDA,LUCAS DUDA KCA
209,CHN,45951,488846,P,L,L,BRIAN DUENSING,BRIAN DUENSING CHN
210,KCA,56197,518633,P,L,L,DANNY DUFFY,DANNY DUFFY KCA
211,TBA,100736,622110,PH,R,R,MATT DUFFY,MATT DUFFY TBA
212,MIN,45522,435043,P,L,L,ZACH DUKE,ZACH DUKE MIN
213,OAK,101433,623430,P,R,R,RYAN DULL,RYAN DULL OAK
214,COL,47296,445197,P,L,L,MIKE DUNN,MIKE DUNN COL
215,CIN,67744,594807,1B,R,R,ADAM DUVALL,ADAM DUVALL CIN
216,ARI,50297,502481,CF,L,R,JARROD DYSON,JARROD DYSON ARI
217,SFN,68372,473879,P,R,R,SAM DYSON,SAM DYSON SFN
218,WAS,67746,594809,CF,L,L,ADAM EATON,ADAM EATON WAS
219,CHN,71343,605218,P,R,R,CARL EDWARDS JR.,CARL EDWARDS JR. CHN
220,SDN,47564,454560,C,R,R,A.J. ELLIS,A.J. ELLIS SDN
221,CLE,31564,429665,1B,R,R,EDWIN ENCARNACION,EDWIN ENCARNACION CLE
222,CHA,102578,641553,CF,R,R,ADAM ENGEL,ADAM ENGEL CHA
223,SDN,60740,572362,P,R,L,ROBBIE ERLIN,ROBBIE ERLIN SDN
224,CIN,102427,640447,RF,R,R,PHIL ERVIN,PHIL ERVIN CIN
225,KCA,47625,444876,SS,R,R,ALCIDES ESCOBAR,ALCIDES ESCOBAR KCA
226,MIN,51653,500871,SS,B,R,EDUARDO ESCOBAR,EDUARDO ESCOBAR MIN
227,TOR,47658,462136,P,R,R,MARCO ESTRADA,MARCO ESTRADA TOR
228,NYN,70393,595943,3B,R,R,PHILLIP EVANS,PHILLIP EVANS NYN
229,NYN,58905,544727,P,R,R,JEURYS FAMILIA,JEURYS FAMILIA NYN
230,TBA,70547,607188,P,R,R,JACOB FARIA,JACOB FARIA TBA
231,DET,100067,571656,P,L,R,BUCK FARMER,BUCK FARMER DET
232,LAN,100171,571657,C,R,R,KYLE FARMER,KYLE FARMER LAN
233,CHA,57827,543144,P,R,R,DANNY FARQUHAR,DANNY FARQUHAR CHA
234,PIT,67169,593140,P,R,R,MICHAEL FELIZ,MICHAEL FELIZ PIT
235,TBA,100295,608654,CF,R,R,JOHNNY FIELD,JOHNNY FIELD TBA
236,LAN,59166,451661,P,R,R,JOSH FIELDS,JOSH FIELDS LAN
237,DET,59639,571666,P,R,R,MIKE FIERS,MIKE FIERS DET
238,CIN,71272,605232,P,L,L,BRANDON FINNEGAN,BRANDON FINNEGAN CIN
239,HOU,70804,605233,LF,L,R,DEREK FISHER,DEREK FISHER HOU
240,TEX,52353,450729,P,L,R,DOUG FISTER,DOUG FISTER TEX
241,SLN,104779,656427,P,R,R,JACK FLAHERTY,JACK FLAHERTY SLN
242,ATL,57843,475247,3B,L,R,RYAN FLAHERTY,RYAN FLAHERTY ATL
243,NYN,57850,527038,SS,R,R,WILMER FLORES,WILMER FLORES NYN
244,PHI,49622,465753,SS,B,R,PEDRO FLORIMON,PEDRO FLORIMON PHI
245,CIN,99857,571670,P,L,R,DYLAN FLORO,DYLAN FLORO CIN
246,KCA,69169,543169,P,L,L,BRIAN FLYNN,BRIAN FLYNN KCA
247,ATL,66991,592314,P,R,R,MIKE FOLTYNEWICZ,MIKE FOLTYNEWICZ ATL
248,LAN,56278,521655,P,R,R,WILMER FONT,WILMER FONT LAN
249,ANA,66004,545337,SS,L,R,NOLAN FONTANA,NOLAN FONTANA ANA
250,LAN,58915,523253,2B,R,R,LOGAN FORSYTHE,LOGAN FORSYTHE LAN
251,SLN,47493,451594,CF,B,R,DEXTER FOWLER,DEXTER FOWLER SLN
252,PHI,68156,596748,3B,R,R,MAIKEL FRANCO,MAIKEL FRANCO PHI
253,PIT,101618,624428,OF,L,R,ADAM FRAZIER,ADAM FRAZIER PIT
254,NYN,53395,453943,3B,R,R,TODD FRAZIER,TODD FRAZIER NYN
255,COL,71098,607536,P,L,L,KYLE FREELAND,KYLE FREELAND COL
256,ATL,56289,518692,1B,L,R,FREDDIE FREEMAN,FREDDIE FREEMAN ATL
257,ATL,57860,518693,P,R,L,SAM FREEMAN,SAM FREEMAN ATL
258,PIT,51110,501896,3B,R,R,DAVID FREESE,DAVID FREESE PIT
259,SEA,66535,571679,C,R,R,DAVID FREITAS,DAVID FREITAS SEA
260,CHA,70611,608334,P,R,R,CARSON FULMER,CARSON FULMER CHA
261,DET,70445,605242,P,R,R,MICHAEL FULMER,MICHAEL FULMER DET
262,KCA,70394,595956,C,R,R,CAMERON GALLAGHER,CAMERON GALLAGHER KCA
263,CIN,47591,451596,P,R,R,YOVANI GALLARDO,YOVANI GALLARDO CIN
264,TEX,70613,608336,3B,L,R,JOEY GALLO,JOEY GALLO TEX
265,SDN,57302,520471,SS,B,R,FREDDY GALVIS,FREDDY GALVIS SDN
266,SEA,66995,592325,LF,L,L,BEN GAMEL,BEN GAMEL SEA
267,CHA,59016,541645,RF,R,R,AVISAIL GARCIA,AVISAIL GARCIA CHA
268,SLN,67754,594824,PH,L,R,GREG GARCIA,GREG GARCIA SLN
269,TOR,52254,448802,P,L,L,JAIME GARCIA,JAIME GARCIA TOR
270,MIA,69788,606424,P,L,L,JARLIN GARCIA,JARLIN GARCIA MIA
271,CHA,57884,544725,3B,B,R,LEURY GARCIA,LEURY GARCIA CHA
272,PHI,49727,472610,P,R,R,LUIS GARCIA,LUIS GARCIA PHI
273,TEX,103373,643320,P,R,R,NICK GARDEWINE,NICK GARDEWINE TEX
274,NYA,47454,458731,LF,L,L,BRETT GARDNER,BRETT GARDNER NYA
275,CIN,70946,607237,P,R,L,AMIR GARRETT,AMIR GARRETT CIN
276,MIN,102593,641598,C,R,R,MITCH GARVER,MITCH GARVER MIN
277,HOU,67758,594828,C,R,R,EVAN GATTIS,EVAN GATTIS HOU
278,BAL,68557,592332,P,L,R,KEVIN GAUSMAN,KEVIN GAUSMAN BAL
279,SFN,56333,518715,P,R,R,CORY GEARRIN,CORY GEARRIN SFN
280,CIN,66539,571697,2B,L,R,SCOOTER GENNETT,SCOOTER GENNETT CIN
281,BAL,50191,502226,CF,R,R,CRAIG GENTRY,CRAIG GENTRY BAL
282,NYA,67182,593334,P,R,R,DOMINGO GERMAN,DOMINGO GERMAN NYA
283,MIN,65801,502043,P,R,R,KYLE GIBSON,KYLE GIBSON MIN
284,HOU,70354,571704,P,R,R,KEN GILES,KEN GILES HOU
285,CHA,100261,608337,P,R,R,LUCAS GIOLITO,LUCAS GIOLITO CHA
286,BAL,66543,571710,P,R,R,MYCHAL GIVENS,MYCHAL GIVENS BAL
287,PIT,70795,607192,P,L,R,TYLER GLASNOW,TYLER GLASNOW PIT
288,ARI,100137,643327,P,R,R,ZACK GODLEY,ZACK GODLEY ARI
289,KCA,60144,572365,2B,L,R,RYAN GOINS,RYAN GOINS KCA
290,ARI,59307,502671,1B,R,R,PAUL GOLDSCHMIDT,PAUL GOLDSCHMIDT ARI
291,CLE,60834,543228,C,R,R,YAN GOMES,YAN GOMES CLE
292,TBA,47621,460576,CF,R,R,CARLOS GOMEZ,CARLOS GOMEZ TBA
293,SFN,68174,596816,P,B,R,ROBERTO GOMEZ,ROBERTO GOMEZ SFN
294,SEA,68759,594835,P,L,L,MARCO GONZALES,MARCO GONZALES SEA
295,NYN,31485,408236,1B,L,L,ADRIAN GONZALEZ,ADRIAN GONZALEZ NYN
296,COL,47678,471865,LF,L,L,CARLOS GONZALEZ,CARLOS GONZALEZ COL
297,CLE,66263,570481,2B,R,R,ERIK GONZALEZ,ERIK GONZALEZ CLE
298,WAS,45529,461829,P,R,L,GIO GONZALEZ,GIO GONZALEZ WAS
299,HOU,50609,503556,SS,B,R,MARWIN GONZALEZ,MARWIN GONZALEZ HOU
300,CHA,47476,456068,P,R,R,MIGUEL GONZALEZ,MIGUEL GONZALEZ CHA
301,DET,67002,592348,3B,B,R,NIKO GOODRUM,NIKO GOODRUM DET
302,WAS,70764,571718,CF,L,R,BRIAN GOODWIN,BRIAN GOODWIN WAS
303,CLE,100191,580792,P,R,R,NICK GOODY,NICK GOODY CLE
304,KCA,52054,460086,LF,L,R,ALEX GORDON,ALEX GORDON KCA
305,SEA,58880,543829,2B,L,R,DEE GORDON,DEE GORDON SEA
306,CIN,67762,594838,2B,R,R,PHIL GOSSELIN,PHIL GOSSELIN CIN
307,OAK,70888,605254,P,R,R,DANIEL GOSSETT,DANIEL GOSSETT OAK
308,WAS,102601,641627,P,R,R,TREVOR GOTT,TREVOR GOTT WAS
309,WAS,67764,594840,P,L,L,MATT GRACE,MATT GRACE WAS
310,LAN,65870,518735,C,B,R,YASMANI GRANDAL,YASMANI GRANDAL LAN
311,TOR,36252,434158,RF,L,R,CURTIS GRANDERSON,CURTIS GRANDERSON TOR
312,OAK,102077,608665,P,R,R,KENDALL GRAVEMAN,KENDALL GRAVEMAN OAK
313,COL,68564,592351,P,R,R,JON GRAY,JON GRAY COL
314,NYA,70306,543243,P,R,R,SONNY GRAY,SONNY GRAY NYA
315,NYA,68565,643338,P,L,R,CHAD GREEN,CHAD GREEN NYA
316,DET,60907,572888,P,R,R,SHANE GREENE,SHANE GREENE DET
317,NYA,58809,544369,SS,L,R,DIDI GREGORIUS,DIDI GREGORIUS NYA
318,ARI,31734,425844,P,R,R,ZACK GREINKE,ZACK GREINKE ARI
319,TOR,60408,545341,RF,R,R,RANDAL GRICHUK,RANDAL GRICHUK TOR
320,KCA,68390,518748,P,R,R,JUSTIN GRIMM,JUSTIN GRIMM KCA
321,MIN,57919,543257,LF,B,L,ROBBIE GROSSMAN,ROBBIE GROSSMAN MIN
322,NYN,70551,607229,P,R,R,ROBERT GSELLMAN,ROBERT GSELLMAN NYN
323,MIL,47850,448855,P,R,R,JUNIOR GUERRA,JUNIOR GUERRA MIL
324,MIA,67641,594027,P,R,R,TAYRON GUERRERO,TAYRON GUERRERO MIA
325,HOU,51408,493329,1B,R,R,YULIESKI GURRIEL,YULIESKI GURRIEL HOU
326,CLE,57379,446386,LF,R,R,BRANDON GUYER,BRANDON GUYER CLE
327,TEX,100281,608597,1B,L,L,RONALD GUZMAN,RONALD GUZMAN TEX
328,SLN,66729,576397,2B,R,R,JEDD GYORKO,JEDD GYORKO SLN
329,MIL,101384,623352,P,L,L,JOSH HADER,JOSH HADER MIL
330,TEX,45534,430935,P,L,L,COLE HAMELS,COLE HAMELS TEX
331,CIN,59654,571740,CF,B,R,BILLY HAMILTON,BILLY HAMILTON CIN
332,KCA,36564,434628,P,R,R,JASON HAMMEL,JASON HAMMEL KCA
333,SDN,57938,543272,P,L,L,BRAD HAND,BRAD HAND SDN
334,SEA,99914,571745,RF,R,R,MITCH HANIGER,MITCH HANIGER SEA
335,CHN,105437,664023,CF,B,R,IAN HAPP,IAN HAPP CHN
336,TOR,46084,457918,P,L,L,J.A. HAPP,J.A. HAPP TOR
337,WAS,66018,547180,LF,L,R,BRYCE HARPER,BRYCE HARPER WAS
338,HOU,51032,501789,P,R,R,WILL HARRIS,WILL HARRIS HOU
339,PIT,57951,543281,3B,R,R,JOSH HARRISON,JOSH HARRISON PIT
340,BAL,103391,643354,P,L,L,DONNIE HART,DONNIE HART BAL
341,NYN,68391,518774,P,R,R,MATT HARVEY,MATT HARVEY NYN
342,OAK,51061,501822,P,R,R,CHRIS HATCHER,CHRIS HATCHER OAK
343,SDN,47736,452104,3B,B,R,CHASE HEADLEY,CHASE HEADLEY SDN
344,SEA,102034,592387,1B,R,R,RYON HEALY,RYON HEALY SEA
345,ANA,99874,571760,P,L,L,ANDREW HEANEY,ANDREW HEANEY ANA
346,TBA,66810,588751,SS,R,R,ADEINY HECHAVARRIA,ADEINY HECHAVARRIA TBA
347,SDN,70397,595978,C,R,R,AUSTIN HEDGES,AUSTIN HEDGES SDN
348,WAS,46155,476451,P,R,R,JEREMY HELLICKSON,JEREMY HELLICKSON WAS
349,BOS,67011,592390,P,R,R,HEATH HEMBREE,HEATH HEMBREE BOS
350,CHN,69172,543294,P,R,R,KYLE HENDRICKS,KYLE HENDRICKS CHN
351,OAK,56426,521230,P,R,R,LIAM HENDRIKS,LIAM HENDRIKS OAK
352,SEA,102267,628338,LF,R,L,GUILLERMO HEREDIA,GUILLERMO HEREDIA SEA
353,PHI,56444,514917,PH,B,R,CESAR HERNANDEZ,CESAR HERNANDEZ PHI
354,LAN,59660,571771,CF,R,R,ENRIQUE HERNANDEZ,ENRIQUE HERNANDEZ LAN
355,SEA,45536,433587,P,R,R,FELIX HERNANDEZ,FELIX HERNANDEZ SEA
356,SFN,51885,491676,LF,R,R,GORKYS HERNANDEZ,GORKYS HERNANDEZ SFN
357,TOR,69667,606192,RF,R,R,TEOSCAR HERNANDEZ,TEOSCAR HERNANDEZ TOR
358,KCA,56449,516969,P,R,R,KELVIN HERRERA,KELVIN HERRERA KCA
359,PHI,66013,546318,CF,L,R,ODUBEL HERRERA,ODUBEL HERRERA PHI
360,CHN,57396,518792,RF,L,L,JASON HEYWARD,JASON HEYWARD CHN
361,NYA,57967,543305,CF,B,R,AARON HICKS,AARON HICKS NYA
362,DET,70307,543308,C,R,R,JOHN HICKS,JOHN HICKS DET
363,SLN,107962,663855,P,R,R,JORDAN HICKS,JORDAN HICKS SLN
364,MIN,105121,657610,P,R,R,TREVOR HILDENBERGER,TREVOR HILDENBERGER MIN
365,LAN,36959,448179,P,L,L,RICH HILL,RICH HILL LAN
366,KCA,105123,657612,P,L,L,TIM HILL,TIM HILL KCA
367,ARI,53724,673633,P,R,R,YOSHIHISA HIRANO,YOSHIHISA HIRANO ARI
368,MIA,67016,592407,C,R,R,BRYAN HOLADAY,BRYAN HOLADAY MIA
369,NYA,104803,656547,P,R,R,JONATHAN HOLDER,JONATHAN HOLDER NYA
370,SFN,56468,502706,P,B,L,DEREK HOLLAND,DEREK HOLLAND SFN
371,SLN,57708,518813,P,R,R,GREG HOLLAND,GREG HOLLAND SLN
372,PIT,70822,605280,P,R,R,CLAY HOLMES,CLAY HOLMES PIT
373,BOS,59664,571788,3B,L,R,BROCK HOLT,BROCK HOLT BOS
374,MIL,57985,543331,P,R,R,J.J. HOOVER,J.J. HOOVER MIL
375,PHI,104806,656555,LF,R,R,RHYS HOSKINS,RHYS HOSKINS PHI
376,SDN,57988,543333,1B,L,L,ERIC HOSMER,ERIC HOSMER SDN
377,MIL,69545,605288,P,R,R,ADRIAN HOUSER,ADRIAN HOUSER MIL
378,HOU,101658,624586,P,R,R,JAMES HOYT,JAMES HOYT HOU
379,TBA,102320,629496,P,R,R,CHIH-WEI HU,CHIH-WEI HU TBA
380,CIN,51927,453172,P,R,R,JARED HUGHES,JARED HUGHES CIN
381,SFN,47690,460026,C,R,R,NICK HUNDLEY,NICK HUNDLEY SFN
382,PHI,66556,571800,P,L,R,DREW HUTCHISON,DREW HUTCHISON PHI
383,COL,46150,455104,C,R,R,CHRIS IANNETTA,CHRIS IANNETTA COL
384,DET,61044,578428,SS,R,R,JOSE IGLESIAS,JOSE IGLESIAS DET
385,CIN,102294,628452,P,R,R,RAISEL IGLESIAS,RAISEL IGLESIAS CIN
386,ATL,59112,542255,CF,L,L,ENDER INCIARTE,ENDER INCIARTE ATL
387,CHA,51654,500872,P,R,R,GREGORY INFANTE,GREGORY INFANTE CHA
388,SFN,47939,457706,CF,R,R,AUSTIN JACKSON,AUSTIN JACKSON SFN
389,ATL,68592,592426,P,R,R,LUKE JACKSON,LUKE JACKSON ATL
390,LAN,47965,445276,P,B,R,KENLEY JANSEN,KENLEY JANSEN LAN
391,KCA,52296,445055,CF,L,L,JON JAY,JON JAY KCA
392,MIL,50094,502026,P,R,R,JEREMY JEFFRESS,JEREMY JEFFRESS MIL
393,MIL,58318,543359,P,L,L,DAN JENNINGS,DAN JENNINGS MIL
394,TEX,45544,448178,P,R,R,KEVIN JEPSEN,KEVIN JEPSEN TEX
395,DET,102625,641729,P,R,R,JOE JIMENEZ,JOE JIMENEZ DET
396,BOS,68307,598271,P,L,L,BRIAN JOHNSON,BRIAN JOHNSON BOS
397,ANA,37595,462382,P,R,R,JIM JOHNSON,JIM JOHNSON ANA
398,SFN,99839,572955,P,R,R,PIERCE JOHNSON,PIERCE JOHNSON SFN
399,BAL,45435,430945,CF,R,R,ADAM JONES,ADAM JONES BAL
400,DET,68600,592444,CF,R,R,JACOBY JONES,JACOBY JONES DET
401,CHA,56519,518858,P,R,R,NATE JONES,NATE JONES CHA
402,BAL,58842,543376,C,R,R,CALEB JOSEPH,CALEB JOSEPH BAL
403,OAK,47952,459964,LF,L,R,MATT JOYCE,MATT JOYCE OAK
404,NYA,68603,592450,RF,R,R,AARON JUDGE,AARON JUDGE NYA
405,KCA,71017,596001,P,R,R,JAKE JUNIS,JAKE JUNIS KCA
406,NYA,67028,592454,P,R,R,TOMMY KAHNLE,TOMMY KAHNLE NYA
407,TEX,71016,605309,P,R,R,KEONE KELA,KEONE KELA TEX
408,KCA,102632,641745,P,R,R,BRAD KELLER,BRAD KELLER KCA
409,WAS,56533,518875,P,R,R,SHAWN KELLEY,SHAWN KELLEY WAS
410,BOS,59351,523260,P,R,R,JOE KELLY,JOE KELLY BOS
411,LAN,45436,461314,RF,R,R,MATT KEMP,MATT KEMP LAN
412,WAS,45437,435062,2B,R,R,HOWIE KENDRICK,HOWIE KENDRICK WAS
413,KCA,52572,453178,P,R,R,IAN KENNEDY,IAN KENNEDY KCA
414,MIN,68091,596146,RF,L,L,MAX KEPLER,MAX KEPLER MIN
415,LAN,49786,477132,P,L,L,CLAYTON KERSHAW,CLAYTON KERSHAW LAN
416,HOU,60448,572971,P,L,L,DALLAS KEUCHEL,DALLAS KEUCHEL HOU
417,TBA,67964,595281,RF,L,R,KEVIN KIERMAIER,KEVIN KIERMAIER TBA
418,BOS,58350,518886,P,R,R,CRAIG KIMBREL,CRAIG KIMBREL BOS
419,TEX,103420,643396,3B,R,R,ISIAH KINER-FALEFA,ISIAH KINER-FALEFA TEX
420,PHI,106259,664068,2B,R,R,SCOTT KINGERY,SCOTT KINGERY PHI
421,MIN,102634,641755,P,R,R,TYLER KINLEY,TYLER KINLEY MIN
422,ANA,45438,435079,2B,R,R,IAN KINSLER,IAN KINSLER ANA
423,WAS,46298,445213,P,R,R,BRANDON KINTZLER,BRANDON KINTZLER WAS
424,CLE,60007,543401,2B,L,R,JASON KIPNIS,JASON KIPNIS CLE
425,TBA,59541,552640,P,R,R,ANDREW KITTREDGE,ANDREW KITTREDGE TBA
426,CLE,57424,446372,P,R,R,COREY KLUBER,COREY KLUBER CLE
427,PHI,68908,595284,C,B,R,ANDREW KNAPP,ANDREW KNAPP PHI
428,MIL,70620,608349,P,R,R,COREY KNEBEL,COREY KNEBEL MIL
429,ARI,99961,571863,P,L,R,MATTHEW KOCH,MATTHEW KOCH ARI
430,PIT,50087,502004,P,R,R,GEORGE KONTOS,GEORGE KONTOS PIT
431,PIT,102639,641771,P,R,R,CHAD KUHL,CHAD KUHL PIT
432,CHN,69305,600303,2B,L,R,TOMMY LA STELLA,TOMMY LA STELLA CHN
433,NYN,50845,501571,CF,R,R,JUAN LAGARES,JUAN LAGARES NYN
434,MIN,65938,534606,LF,R,L,RYAN LAMARRE,RYAN LAMARRE MIN
435,ARI,99963,571875,3B,L,R,JAKE LAMB,JAKE LAMB ARI
436,SFN,70359,571882,P,R,R,DEREK LAW,DEREK LAW SFN
437,SEA,68099,596271,P,R,R,CASEY LAWRENCE,CASEY LAWRENCE SEA
438,SEA,61051,502190,P,R,R,MIKE LEAKE,MIKE LEAKE SEA
439,SEA,51959,453281,P,L,L,WADE LEBLANC,WADE LEBLANC SEA
440,TEX,69377,600917,P,R,R,JOSE LECLERC,JOSE LECLERC TEX
441,MIA,105149,657658,CF,L,R,BRAXTON LEE,BRAXTON LEE MIA
442,COL,59339,518934,2B,R,R,DJ LEMAHIEU,DJ LEMAHIEU COL
443,BOS,55951,506702,C,B,R,SANDY LEON,SANDY LEON BOS
444,SLN,100305,608678,P,R,R,DOMINIC LEONE,DOMINIC LEONE SLN
445,CHN,45548,452657,P,L,L,JON LESTER,JON LESTER CHN
446,LAN,66565,571893,P,L,L,ADAM LIBERATORE,ADAM LIBERATORE LAN
447,BOS,101601,624407,3B,L,R,TZU-WEI LIN,TZU-WEI LIN BOS
448,CLE,70399,596019,SS,B,R,FRANCISCO LINDOR,FRANCISCO LINDOR CLE
449,DET,38551,434538,P,L,L,FRANCISCO LIRIANO,FRANCISCO LIRIANO DET
450,PHI,68781,594902,P,R,R,BEN LIVELY,BEN LIVELY PHI
451,NYN,47910,446653,C,B,R,JOSE LOBATON,JOSE LOBATON NYN
452,SFN,52448,446334,3B,R,R,EVAN LONGORIA,EVAN LONGORIA SFN
453,MIL,70464,605347,P,R,R,JORGE LOPEZ,JORGE LOPEZ MIL
454,SDN,69886,607257,C,L,R,RAFAEL LOPEZ,RAFAEL LOPEZ SDN
455,CHA,101728,625643,P,R,R,REYNALDO LOPEZ,REYNALDO LOPEZ CHA
456,TOR,60619,571901,P,L,L,AARON LOUP,AARON LOUP TOR
457,OAK,46262,476704,SS,B,R,JED LOWRIE,JED LOWRIE OAK
458,SDN,108123,664192,P,L,L,JOEY LUCCHESI,JOEY LUCCHESI SDN
459,OAK,57191,518960,C,R,R,JONATHAN LUCROY,JONATHAN LUCROY OAK
460,NYN,70069,607625,P,R,R,SETH LUGO,SETH LUGO NYN
461,SDN,58407,543475,P,R,R,JORDAN LYLES,JORDAN LYLES SDN
462,MIN,58410,458681,P,B,R,LANCE LYNN,LANCE LYNN MIN
463,SLN,68438,544928,P,L,L,TYLER LYONS,TYLER LYONS SLN
464,DET,66105,553988,2B,R,R,DIXON MACHADO,DIXON MACHADO DET
465,BAL,67049,592518,3B,R,R,MANNY MACHADO,MANNY MACHADO BAL
466,WAS,31537,425492,P,L,R,RYAN MADSON,RYAN MADSON WAS
467,LAN,102254,628317,P,R,R,KENTA MAEDA,KENTA MAEDA LAN
468,CIN,102652,641816,P,R,R,TYLER MAHLE,TYLER MAHLE CIN
469,DET,65977,543484,CF,R,R,MIKIE MAHTOOK,MIKIE MAHTOOK DET
470,TOR,100036,571912,C,R,R,LUKE MAILE,LUKE MAILE TOR
471,SDN,102255,628318,P,R,R,KAZUHISA MAKITA,KAZUHISA MAKITA SDN
472,ANA,48082,455117,C,R,R,MARTIN MALDONADO,MARTIN MALDONADO ANA
473,OAK,103721,640455,P,R,L,SEAN MANAEA,SEAN MANAEA OAK
474,BAL,102653,641820,LF,R,R,TREY MANCINI,TREY MANCINI BAL
475,SDN,100988,622534,CF,R,R,MANUEL MARGOT,MANUEL MARGOT SDN
476,HOU,66006,545350,RF,R,R,JAKE MARISNICK,JAKE MARISNICK HOU
477,SEA,70466,605357,C,R,R,MICHAEL MARJAMA,MICHAEL MARJAMA SEA
478,ATL,45446,455976,RF,L,L,NICK MARKAKIS,NICK MARKAKIS ATL
479,COL,100273,608566,P,R,R,GERMAN MARQUEZ,GERMAN MARQUEZ COL
480,ARI,70360,571918,SS,R,R,DEVEN MARRERO,DEVEN MARRERO ARI
481,ANA,58420,527043,1B,R,R,JEFRY MARTE,JEFRY MARTE ANA
482,ARI,69790,606466,2B,B,R,KETEL MARTE,KETEL MARTE ARI
483,PIT,56034,516782,LF,R,R,STARLING MARTE,STARLING MARTE PIT
484,TEX,54159,455119,P,R,R,CHRIS MARTIN,CHRIS MARTIN TEX
485,DET,54187,547982,CF,L,R,LEONYS MARTIN,LEONYS MARTIN DET
486,TOR,45447,431145,C,R,R,RUSSELL MARTIN,RUSSELL MARTIN TOR
487,SLN,67219,593372,P,R,R,CARLOS MARTINEZ,CARLOS MARTINEZ SLN
488,BOS,59275,502110,LF,R,R,J.D. MARTINEZ,J.D. MARTINEZ BOS
489,SLN,51656,500874,1B,R,R,JOSE MARTINEZ,JOSE MARTINEZ SLN
490,DET,1105,400121,DH,B,R,VICTOR MARTINEZ,VICTOR MARTINEZ DET
491,ARI,31602,425772,C,R,R,JEFF MATHIS,JEFF MATHIS ARI
492,SDN,106414,664208,P,R,R,PHIL MATON,PHIL MATON SDN
493,NYN,99821,571927,P,R,L,STEVEN MATZ,STEVEN MATZ NYN
494,MIN,31759,408045,1B,L,R,JOE MAUER,JOE MAUER MIN
495,KCA,58933,543506,P,R,R,BRANDON MAURER,BRANDON MAURER KCA
496,OAK,100767,622194,C,L,R,BRUCE MAXWELL,BRUCE MAXWELL OAK
497,MIA,51988,457727,CF,R,R,CAMERON MAYBIN,CAMERON MAYBIN MIA
498,SLN,102051,594577,P,R,R,MIKE MAYERS,MIKE MAYERS SLN
499,TOR,102658,641835,P,L,L,TIM MAYZA,TIM MAYZA TOR
500,TEX,100279,608577,RF,L,L,NOMAR MAZARA,NOMAR MAZARA TEX
501,CLE,50118,502083,P,R,R,ZACH MCALLISTER,ZACH MCALLISTER CLE
502,HOU,45449,435263,C,L,R,BRIAN MCCANN,BRIAN MCCANN HOU
503,DET,70317,543510,C,R,R,JAMES MCCANN,JAMES MCCANN DET
504,ATL,45558,435221,P,R,R,BRANDON MCCARTHY,BRANDON MCCARTHY ATL
505,KCA,102659,641838,P,R,R,KEVIN MCCARTHY,KEVIN MCCARTHY KCA
506,HOU,100521,621121,P,L,R,LANCE MCCULLERS,LANCE MCCULLERS HOU
507,SFN,46400,457705,CF,R,R,ANDREW MCCUTCHEN,ANDREW MCCUTCHEN SFN
508,ARI,58436,519008,P,L,L,T.J. MCFARLAND,T.J. MCFARLAND ARI
509,COL,48219,459429,P,L,L,JAKE MCGEE,JAKE MCGEE COL
510,SDN,105163,657681,P,L,L,KYLE MCGRATH,KYLE MCGRATH SDN
511,HOU,58441,543521,P,R,R,COLLIN MCHUGH,COLLIN MCHUGH HOU
512,NYA,102667,641856,RF,L,L,BILLY MCKINNEY,BILLY MCKINNEY NYA
513,COL,102668,641857,1B,L,R,RYAN MCMAHON,RYAN MCMAHON COL
514,OAK,105384,596043,P,R,R,DANIEL MENGDEN,DANIEL MENGDEN OAK
515,PIT,58450,474568,SS,R,R,JORDY MERCER,JORDY MERCER PIT
516,KCA,67175,593160,2B,R,R,WHIT MERRIFIELD,WHIT MERRIFIELD KCA
517,CIN,56104,519023,C,R,R,DEVIN MESORACO,DEVIN MESORACO CIN
518,ANA,102675,641871,P,R,R,KEYNAN MIDDLETON,KEYNAN MIDDLETON ANA
519,SLN,60625,571945,P,R,R,MILES MIKOLAS,MILES MIKOLAS SLN
520,CLE,49617,453192,P,L,L,ANDREW MILLER,ANDREW MILLER CLE
521,TBA,65980,543543,SS,L,R,BRAD MILLER,BRAD MILLER TBA
522,PHI,70361,571948,P,L,L,HOBY MILNER,HOBY MILNER PHI
523,CHA,60317,573668,P,R,R,JUAN MINAYA,JUAN MINAYA CHA
524,TEX,59266,501985,P,R,L,MIKE MINOR,MIKE MINOR TEX
525,ATL,108235,621345,P,L,L,A.J. MINTER,A.J. MINTER ATL
526,SEA,106487,664641,P,L,L,ARIEL MIRANDA,ARIEL MIRANDA SEA
527,SDN,66570,571951,P,L,R,BRYAN MITCHELL,BRYAN MITCHELL SDN
528,SLN,31391,425877,C,R,R,YADIER MOLINA,YADIER MOLINA SLN
529,CHA,105432,660162,2B,B,R,YOAN MONCADA,YOAN MONCADA CHA
530,WAS,39835,471083,C,L,R,MIGUEL MONTERO,MIGUEL MONTERO WAS
531,NYA,104855,656756,P,L,L,JORDAN MONTGOMERY,JORDAN MONTGOMERY NYA
532,CHN,58857,543557,P,L,L,MIKE MONTGOMERY,MIKE MONTGOMERY CHN
533,TEX,57473,519043,P,L,L,MATT MOORE,MATT MOORE TEX
534,TOR,45379,434778,DH,B,R,KENDRYS MORALES,KENDRYS MORALES TOR
535,PIT,102040,592567,3B,L,R,COLIN MORAN,COLIN MORAN PIT
536,BOS,57476,519048,DH,L,L,MITCH MORELAND,MITCH MORELAND BOS
537,PHI,70472,605388,P,L,L,ADAM MORGAN,ADAM MORGAN PHI
538,PIT,100663,621559,2B,B,R,MAX MOROFF,MAX MOROFF PIT
539,SFN,69826,606625,P,R,R,REYES MORONTA,REYES MORONTA SFN
540,ANA,67057,592570,P,R,R,AKEEL MORRIS,AKEEL MORRIS ANA
541,MIN,51804,489149,1B,L,L,LOGAN MORRISON,LOGAN MORRISON MIN
542,CHN,52232,453344,P,R,R,BRANDON MORROW,BRANDON MORROW CHN
543,HOU,48258,450203,P,R,R,CHARLIE MORTON,CHARLIE MORTON HOU
544,SEA,69304,600301,SS,R,R,TAYLOR MOTTER,TAYLOR MOTTER SEA
545,KCA,57478,519058,3B,L,R,MIKE MOUSTAKAS,MIKE MOUSTAKAS KCA
546,MIN,100857,622382,P,L,L,GABRIEL MOYA,GABRIEL MOYA MIN
547,ATL,49614,493247,P,R,R,PETER MOYLAN,PETER MOYLAN ATL
548,LAN,100007,571970,3B,L,R,MAX MUNCY,MAX MUNCY LAN
549,SLN,100748,622168,3B,R,R,YAIRO MUNOZ,YAIRO MUNOZ SLN
550,ARI,60633,571974,C,R,R,JOHN RYAN MURPHY,JOHN RYAN MURPHY ARI
551,SDN,60635,571976,RF,R,R,WIL MYERS,WIL MYERS SDN
552,CLE,70362,571980,CF,L,R,TYLER NAQUIN,TYLER NAQUIN CLE
553,CHA,66068,553882,C,L,R,OMAR NARVAEZ,OMAR NARVAEZ CHA
554,CHN,56991,519068,1B,L,L,EFREN NAVARRO,EFREN NAVARRO CHN
555,LAN,67829,594943,P,R,R,ZACHARY NEAL,ZACHARY NEAL LAN
556,PHI,67355,593576,P,R,R,HECTOR NERIS,HECTOR NERIS PHI
557,PIT,68132,596720,P,R,R,DOVYDAS NEVERAUSKAS,DOVYDAS NEVERAUSKAS PIT
558,ATL,104863,656794,P,L,L,SEAN NEWCOMB,SEAN NEWCOMB ATL
559,TOR,59480,547912,SS,R,R,GIFT NGOEPE,GIFT NGOEPE TOR
560,SEA,57000,504379,P,R,R,JUAN NICASIO,JUAN NICASIO SEA
561,NYN,100653,621512,C,R,R,TOMAS NIDO,TOMAS NIDO NYN
562,NYN,70524,607043,CF,L,R,BRANDON NIMMO,BRANDON NIMMO NYN
563,PHI,70943,605400,P,R,R,AARON NOLA,AARON NOLA PHI
564,SLN,50098,502032,P,R,R,BUD NORRIS,BUD NORRIS SLN
565,DET,70778,596057,P,L,L,DANIEL NORRIS,DANIEL NORRIS DET
566,MIL,102700,641924,C,R,R,JACOB NOTTINGHAM,JACOB NOTTINGHAM MIL
567,PIT,49832,467100,P,R,R,IVAN NOVA,IVAN NOVA PIT
568,BOS,48318,456488,SS,R,R,EDUARDO NUNEZ,EDUARDO NUNEZ BOS
569,TEX,69321,600524,LF,R,R,RENATO NUNEZ,RENATO NUNEZ TEX
570,BAL,50555,503285,P,R,R,DARREN O'DAY,DARREN O'DAY BAL
571,MIA,100780,622217,P,R,L,CHRIS O'GRADY,CHRIS O'GRADY MIA
572,COL,101264,623184,P,R,R,SCOTT OBERG,SCOTT OBERG COL
573,TEX,69270,596059,2B,L,R,ROUGNED ODOR,ROUGNED ODOR TEX
574,MIN,58507,543606,P,R,R,JAKE ODORIZZI,JAKE ODORIZZI MIN
575,TOR,51354,493200,P,R,R,SEUNG HWAN OH,SEUNG HWAN OH TOR
576,ANA,111306,660271,P,L,R,SHOHEI OHTANI,SHOHEI OHTANI ANA
577,OAK,100668,621566,1B,L,R,MATT OLSON,MATT OLSON OAK
578,CLE,102149,621397,P,R,L,TYLER OLSON,TYLER OLSON CLE
579,KCA,52285,449181,RF,R,R,PAULO ORLANDO,PAULO ORLANDO KCA
580,SFN,68643,592612,P,L,L,JOSH OSICH,JOSH OSICH SFN
581,TOR,68997,532077,P,R,R,ROBERTO OSUNA,ROBERTO OSUNA TOR
582,CLE,57047,519096,P,R,R,DAN OTERO,DAN OTERO CLE
583,COL,51434,493603,P,B,R,ADAM OTTAVINO,ADAM OTTAVINO COL
584,ARI,60931,572008,SS,R,R,CHRIS OWINGS,CHRIS OWINGS ARI
585,SLN,59145,542303,CF,R,R,MARCELL OZUNA,MARCELL OZUNA SLN
586,OAK,102705,641941,P,L,R,EMILIO PAGAN,EMILIO PAGAN OAK
587,SFN,69564,605412,2B,L,R,JOE PANIK,JOE PANIK SFN
588,ANA,100742,622161,P,R,R,EDUARDO PAREDES,EDUARDO PAREDES ANA
589,ANA,51962,453284,P,R,R,BLAKE PARKER,BLAKE PARKER ANA
590,COL,49890,467827,RF,L,L,GERARDO PARRA,GERARDO PARRA COL
591,SEA,68467,572020,P,L,L,JAMES PAXTON,JAMES PAXTON SEA
592,SEA,99999,572021,P,R,L,JAMES PAZOS,JAMES PAZOS SEA
593,HOU,57086,502748,P,R,R,BRAD PEACOCK,BRAD PEACOCK HOU
594,TOR,48428,456665,1B,R,R,STEVE PEARCE,STEVE PEARCE TOR
595,LAN,67072,592626,PH,L,L,JOC PEDERSON,JOC PEDERSON LAN
596,ANA,66234,570240,P,R,R,FELIX PENA,FELIX PENA ANA
597,SLN,57096,506747,C,R,R,FRANCISCO PENA,FRANCISCO PENA SLN
598,SFN,45465,452254,RF,R,R,HUNTER PENCE,HUNTER PENCE SFN
599,CIN,48486,460060,SS,B,R,CLIFF PENNINGTON,CLIFF PENNINGTON CIN
600,ARI,52260,444482,RF,L,L,DAVID PERALTA,DAVID PERALTA ARI
601,CIN,67604,593974,P,L,L,WANDY PERALTA,WANDY PERALTA CIN
602,CIN,69752,606299,SS,R,R,JOSE PERAZA,JOSE PERAZA CIN
603,SDN,69614,606131,P,R,R,LUIS PERDOMO,LUIS PERDOMO SDN
604,ATL,59074,542208,C,R,R,CARLOS PEREZ,CARLOS PEREZ ATL
605,MIL,59021,541650,2B,R,R,HERNAN PEREZ,HERNAN PEREZ MIL
606,TEX,58533,527048,P,L,L,MARTIN PEREZ,MARTIN PEREZ TEX
607,CLE,59467,547379,C,R,R,ROBERTO PEREZ,ROBERTO PEREZ CLE
608,MIA,70921,596071,P,L,L,DILLON PETERS,DILLON PETERS MIA
609,NYA,69854,607054,2B,L,R,JACE PETERSON,JACE PETERSON NYA
610,OAK,45571,433589,P,R,R,YUSMEIRO PETIT,YUSMEIRO PETIT OAK
611,SLN,50106,502054,LF,R,R,TOMMY PHAM,TOMMY PHAM SLN
612,MIL,100628,621433,RF,L,R,BRETT PHILLIPS,BRETT PHILLIPS MIL
613,TOR,70093,607680,LF,R,R,KEVIN PILLAR,KEVIN PILLAR TOR
614,MIL,48685,444489,C,R,R,MANNY PINA,MANNY PINA MIL
615,OAK,102436,640461,SS,R,R,CHAD PINDER,CHAD PINDER OAK
616,SDN,57268,517369,2B,R,R,JOSE PIRELA,JOSE PIRELA SDN
617,OAK,100059,572039,RF,R,R,STEPHEN PISCOTTY,STEPHEN PISCOTTY OAK
618,PHI,102061,601713,P,R,R,NICK PIVETTA,NICK PIVETTA PHI
619,NYN,100316,608700,C,R,R,KEVIN PLAWECKI,KEVIN PLAWECKI NYN
620,PIT,66245,570256,RF,L,L,GREGORY POLANCO,GREGORY POLANCO PIT
621,ARI,60932,572041,CF,R,R,A.J. POLLOCK,A.J. POLLOCK ARI
622,BOS,57745,519144,P,R,R,RICK PORCELLO,RICK PORCELLO BOS
623,SFN,58548,457763,C,R,R,BUSTER POSEY,BUSTER POSEY SFN
624,OAK,100641,621471,CF,L,L,BOOG POWELL,BOOG POWELL OAK
625,BOS,106701,596074,P,L,L,BOBBY POYNER,BOBBY POYNER BOS
626,MIN,58552,519151,P,R,R,RYAN PRESSLY,RYAN PRESSLY MIN
627,BOS,54694,456034,P,L,L,DAVID PRICE,DAVID PRICE BOS
628,TEX,68066,595777,SS,B,R,JURICKSON PROFAR,JURICKSON PROFAR TEX
629,TBA,103484,643493,P,R,R,AUSTIN PRUITT,AUSTIN PRUITT TBA
630,LAN,101652,624577,RF,R,R,YASIEL PUIG,YASIEL PUIG LAN
631,ANA,204,405395,1B,R,R,ALBERT PUJOLS,ALBERT PUJOLS ANA
632,CIN,69154,534812,P,R,R,KEVIN QUACKENBUSH,KEVIN QUACKENBUSH CIN
633,CHN,51645,500779,P,R,L,JOSE QUINTANA,JOSE QUINTANA CHN
634,CIN,106709,663432,P,R,R,TANNER RAINEY,TANNER RAINEY CIN
635,BOS,31724,434670,SS,R,R,HANLEY RAMIREZ,HANLEY RAMIREZ BOS
636,ANA,51594,500724,P,R,R,J.C. RAMIREZ,J.C. RAMIREZ ANA
637,ATL,60812,542432,P,R,R,JOSE RAMIREZ,JOSE RAMIREZ ATL
638,CLE,70217,608070,SS,B,R,JOSE RAMIREZ,JOSE RAMIREZ CLE
639,ANA,68320,598287,P,R,R,NOE RAMIREZ,NOE RAMIREZ ANA
640,NYN,60504,573109,P,R,R,A.J. RAMOS,A.J. RAMOS NYN
641,PHI,66859,591693,P,R,R,EDUBRAY RAMOS,EDUBRAY RAMOS PHI
642,TBA,49829,467092,C,R,R,WILSON RAMOS,WILSON RAMOS TBA
643,BAL,46522,458675,CF,L,L,COLBY RASMUS,COLBY RASMUS BAL
644,ATL,50104,502051,P,R,R,JOSH RAVIN,JOSH RAVIN ATL
645,ARI,67083,592662,P,L,L,ROBBIE RAY,ROBBIE RAY ARI
646,MIA,67084,592663,C,R,R,J.T. REALMUTO,J.T. REALMUTO MIA
647,HOU,56609,502210,RF,L,R,JOSH REDDICK,JOSH REDDICK HOU
648,MIN,67085,592665,P,L,R,ADDISON REED,ADDISON REED MIN
649,CIN,102719,642003,P,L,L,CODY REED,CODY REED CIN
650,TBA,100317,608701,OF,R,R,ROB REFSNYDER,ROB REFSNYDER TBA
651,WAS,70755,543685,3B,R,R,ANTHONY RENDON,ANTHONY RENDON WAS
652,SDN,68660,592669,RF,R,R,HUNTER RENFROE,HUNTER RENFROE SDN
653,NYN,31511,408314,SS,B,R,JOSE REYES,JOSE REYES NYN
654,DET,101093,622682,RF,B,R,VICTOR REYES,VICTOR REYES DET
655,WAS,100318,608703,3B,R,R,MATT REYNOLDS,MATT REYNOLDS WAS
656,NYN,102722,642008,P,R,R,JACOB RHAME,JACOB RHAME NYN
657,SDN,48674,453385,P,L,L,CLAYTON RICHARD,CLAYTON RICHARD SDN
658,ANA,60655,572070,P,R,R,GARRETT RICHARDS,GARRETT RICHARDS ANA
659,MIA,109041,670950,P,R,R,TREVOR RICHARDS,TREVOR RICHARDS MIA
660,PHI,70481,605441,P,R,R,YACKSEL RIOS,YACKSEL RIOS PHI
661,ANA,41774,425784,C,R,R,RENE RIVERA,RENE RIVERA ANA
662,MIA,67093,592680,3B,R,R,YADIEL RIVERA,YADIEL RIVERA MIA
663,CHN,57514,519203,1B,L,L,ANTHONY RIZZO,ANTHONY RIZZO CHN
664,WAS,58921,543699,P,R,R,TANNER ROARK,TANNER ROARK WAS
665,TBA,100488,621002,3B,R,R,DANIEL ROBERTSON,DANIEL ROBERTSON TBA
666,NYA,57235,502085,P,R,R,DAVID ROBERTSON,DAVID ROBERTSON NYA
667,TEX,67094,592685,LF,L,R,DREW ROBINSON,DREW ROBINSON TEX
668,NYA,51936,453203,PH,R,R,SHANE ROBINSON,SHANE ROBINSON NYA
669,NYN,66336,570663,P,R,R,HANSEL ROBLES,HANSEL ROBLES NYN
670,MIN,1449,407845,P,R,R,FERNANDO RODNEY,FERNANDO RODNEY MIN
671,BOS,67588,593958,P,L,L,EDUARDO RODRIGUEZ,EDUARDO RODRIGUEZ BOS
672,PIT,67172,593144,P,R,R,RICHARD RODRIGUEZ,RICHARD RODRIGUEZ PIT
673,PIT,45471,446481,2B,R,R,SEAN RODRIGUEZ,SEAN RODRIGUEZ PIT
674,TBA,48658,475054,P,R,R,CHAZ ROE,CHAZ ROE TBA
675,MIN,99954,573124,P,L,L,TAYLOR ROGERS,TAYLOR ROGERS MIN
676,MIA,51611,500743,SS,R,R,MIGUEL ROJAS,MIGUEL ROJAS MIA
677,CIN,70957,607219,P,L,R,SAL ROMANO,SAL ROMANO CIN
678,WA,60841,544836,P,R,L,ENNY ROMERO,ENNY ROMERO WA
679,SEA,54877,461865,SS,B,R,ANDREW ROMINE,ANDREW ROMINE SEA
680,NYA,57520,519222,C,R,R,AUSTIN ROMINE,AUSTIN ROMINE NYA
681,TBA,49543,489265,P,R,R,SERGIO ROMO,SERGIO ROMO TBA
682,CHA,60936,541652,P,R,R,BRUCE RONDON,BRUCE RONDON CHA
683,HOU,52251,444468,P,R,R,HECTOR RONDON,HECTOR RONDON HOU
684,NYN,103203,642708,SS,R,R,AMED ROSARIO,AMED ROSARIO NYN
685,MIN,67098,592696,LF,L,R,EDDIE ROSARIO,EDDIE ROSARIO MIN
686,SDN,58617,475115,P,R,R,TYSON ROSS,TYSON ROSS SDN
687,TEX,69970,607387,LF,R,R,RYAN RUA,RYAN RUA TEX
688,COL,60031,543734,P,L,L,CHRIS RUSIN,CHRIS RUSIN COL
689,CHN,70633,608365,SS,R,R,ADDISON RUSSELL,ADDISON RUSSELL CHN
690,LAN,60787,547943,P,R,L,HYUN-JIN RYU,HYUN-JIN RYU LAN
691,SEA,57529,519240,P,L,L,MARC RZEPCZYNSKI,MARC RZEPCZYNSKI SEA
692,NYA,1117,282332,P,L,L,CC SABATHIA,CC SABATHIA NYA
693,CHA,66662,573135,2B,R,R,TYLER SALADINO,TYLER SALADINO CHA
694,ARI,48858,477569,P,R,R,FERNANDO SALAS,FERNANDO SALAS ARI
695,BOS,65751,519242,P,L,L,CHRIS SALE,CHRIS SALE BOS
696,TOR,67107,592717,P,R,R,AARON SANCHEZ,AARON SANCHEZ TOR
697,ATL,45578,434671,P,R,R,ANIBAL SANCHEZ,ANIBAL SANCHEZ ATL
698,NYA,68087,596142,C,R,R,GARY SANCHEZ,GARY SANCHEZ NYA
699,CHA,66288,570560,2B,B,R,YOLMER SANCHEZ,YOLMER SANCHEZ CHA
700,SFN,48901,467055,3B,B,R,PABLO SANDOVAL,PABLO SANDOVAL SFN
701,MIN,67574,593934,3B,R,R,MIGUEL SANO,MIGUEL SANO MIN
702,PHI,48929,467793,1B,B,R,CARLOS SANTANA,CARLOS SANTANA PHI
703,MIL,60423,570267,LF,R,R,DOMINGO SANTANA,DOMINGO SANTANA MIL
704,PIT,104420,650828,P,R,R,EDGAR SANTANA,EDGAR SANTANA PIT
705,BAL,101568,623993,RF,B,R,ANTHONY SANTANDER,ANTHONY SANTANDER BAL
706,CHA,56742,502327,P,R,L,HECTOR SANTIAGO,HECTOR SANTIAGO CHA
707,BAL,68088,596143,2B,B,R,LUIS SARDINAS,LUIS SARDINAS BAL
708,DET,100211,599683,P,R,R,WARWICK SAUPOLD,WARWICK SAUPOLD DET
709,CIN,67866,594988,RF,L,R,SCOTT SCHEBLER,SCOTT SCHEBLER CIN
710,WAS,56753,453286,P,R,R,MAX SCHERZER,MAX SCHERZER WAS
711,ANA,60669,572114,3B,L,R,RYAN SCHIMPF,RYAN SCHIMPF ANA
712,BAL,66391,570731,2B,R,R,JONATHAN SCHOOP,JONATHAN SCHOOP BAL
713,CHN,103751,656941,LF,L,R,KYLE SCHWARBER,KYLE SCHWARBER CHN
714,BAL,104899,656945,P,R,L,TANNER SCOTT,TANNER SCOTT BAL
715,LAN,70635,608369,SS,L,R,COREY SEAGER,COREY SEAGER LAN
716,SEA,60672,572122,3B,L,R,KYLE SEAGER,KYLE SEAGER SEA
717,SEA,56761,516416,SS,R,R,JEAN SEGURA,JEAN SEGURA SEA
718,OAK,70327,543760,3B,R,R,MARCUS SEMIEN,MARCUS SEMIEN OAK
719,COL,101060,622608,P,R,R,ANTONIO SENZATELA,ANTONIO SENZATELA COL
720,NYA,101074,622663,P,R,R,LUIS SEVERINO,LUIS SEVERINO NYA
721,WAS,69314,600474,C,R,R,PEDRO SEVERINO,PEDRO SEVERINO WAS
722,NYN,101231,623149,P,R,R,PAUL SEWALD,PAUL SEWALD NYN
723,COL,58661,543766,P,B,R,BRYAN SHAW,BRYAN SHAW COL
724,MIL,69188,543768,3B,L,R,TRAVIS SHAW,TRAVIS SHAW MIL
725,SLN,68960,595411,P,L,L,RYAN SHERRIFF,RYAN SHERRIFF SLN
726,CHA,42750,448306,P,R,R,JAMES SHIELDS,JAMES SHIELDS CHA
727,ANA,58667,533167,P,R,R,MATT SHOEMAKER,MATT SHOEMAKER ANA
728,NYA,67118,592741,P,L,L,CHASEN SHREVE,CHASEN SHREVE NYA
729,MIA,58670,543776,LF,L,L,J.B. SHUCK,J.B. SHUCK MIA
730,WAS,51727,501213,RF,R,R,MOISES SIERRA,MOISES SIERRA WAS
731,ANA,67119,592743,SS,R,R,ANDRELTON SIMMONS,ANDRELTON SIMMONS ANA
732,HOU,46630,448609,P,L,L,TONY SIPP,TONY SIPP HOU
733,BAL,102743,642082,C,L,R,CHANCE SISCO,CHANCE SISCO BAL
734,ANA,61000,572140,P,L,L,TYLER SKAGGS,TYLER SKAGGS ANA
735,KCA,70881,607215,P,L,L,ERIC SKOGLUND,ERIC SKOGLUND KCA
736,KCA,68471,572143,P,R,R,BURCH SMITH,BURCH SMITH KCA
737,MIA,102044,592761,P,R,L,CALEB SMITH,CALEB SMITH MIA
738,BOS,70812,605476,P,R,R,CARSON SMITH,CARSON SMITH BOS
739,HOU,51129,501925,P,R,R,JOE SMITH,JOE SMITH HOU
740,TBA,70851,605480,CF,L,R,MALLEX SMITH,MALLEX SMITH TBA
741,TOR,58692,475253,1B,B,L,JUSTIN SMOAK,JUSTIN SMOAK TOR
742,PIT,57550,519294,P,L,L,JOSH SMOKER,JOSH SMOKER PIT
743,OAK,56792,519295,LF,R,R,JAKE SMOLINSKI,JAKE SMOLINSKI OAK
744,TBA,70271,605483,P,L,L,BLAKE SNELL,BLAKE SNELL TBA
745,TBA,48762,474319,1B,R,R,BRANDON SNYDER,BRANDON SNYDER TBA
746,ATL,52152,462515,P,R,R,MIGUEL SOCOLOVICH,MIGUEL SOCOLOVICH ATL
747,MIL,57552,519299,2B,L,R,ERIC SOGARD,ERIC SOGARD MIL
748,TOR,51557,500208,3B,B,R,YANGERVIS SOLARTE,YANGERVIS SOLARTE TOR
749,KCA,101657,624585,RF,R,R,JORGE SOLER,JORGE SOLER KCA
750,WAS,65913,519301,P,R,L,SAMMY SOLIS,SAMMY SOLIS WAS
751,CHA,46711,465657,P,R,R,JOAKIM SORIA,JOAKIM SORIA CHA
752,TBA,46626,452655,CF,L,L,DENARD SPAN,DENARD SPAN TBA
753,SDN,69578,605486,3B,L,R,CORY SPANGENBERG,CORY SPANGENBERG SDN
754,HOU,65992,543807,RF,R,R,GEORGE SPRINGER,GEORGE SPRINGER HOU
755,SDN,46755,489334,P,R,R,CRAIG STAMMEN,CRAIG STAMMEN SDN
756,NYA,57556,519317,RF,R,R,GIANCARLO STANTON,GIANCARLO STANTON NYA
757,HOU,59431,545358,C,R,R,MAX STASSI,MAX STASSI HOU
758,MIA,100322,608716,P,R,R,DREW STECKENRIDER,DREW STECKENRIDER MIA
759,CIN,101446,623451,P,R,R,JACKSON STEPHENS,JACKSON STEPHENS CIN
760,WAS,106961,664057,CF,L,L,ANDREW STEVENSON,ANDREW STEVENSON WAS
761,ATL,43258,455755,C,R,R,CHRIS STEWART,CHRIS STEWART ATL
762,COL,70406,596115,SS,R,R,TREVOR STORY,TREVOR STORY COL
763,WAS,61056,544931,P,R,R,STEPHEN STRASBURG,STEPHEN STRASBURG WAS
764,SFN,100323,608717,P,R,R,CHRIS STRATTON,CHRIS STRATTON SFN
765,SFN,57557,519326,P,R,R,HUNTER STRICKLAND,HUNTER STRICKLAND SFN
766,LAN,70826,548389,P,R,R,ROSS STRIPLING,ROSS STRIPLING LAN
767,TOR,70371,573186,P,R,R,MARCUS STROMAN,MARCUS STROMAN TOR
768,CHN,46719,467008,P,R,R,PEDRO STROP,PEDRO STROP CHN
769,DET,100613,621385,P,L,L,DANIEL STUMPF,DANIEL STUMPF DET
770,SFN,70827,605498,P,L,L,ANDREW SUAREZ,ANDREW SUAREZ SFN
771,CIN,66110,553993,SS,R,R,EUGENIO SUAREZ,EUGENIO SUAREZ CIN
772,TBA,51184,491696,C,R,R,JESUS SUCRE,JESUS SUCRE TBA
773,MIL,100324,608718,P,L,L,BRENT SUTER,BRENT SUTER MIL
774,SEA,1184,400085,RF,L,R,ICHIRO SUZUKI,ICHIRO SUZUKI SEA
775,ATL,49076,435559,C,R,R,KURT SUZUKI,KURT SUZUKI ATL
776,ATL,107168,621020,SS,R,R,DANSBY SWANSON,DANSBY SWANSON ATL
777,NYN,46761,461872,P,R,R,ANTHONY SWARZAK,ANTHONY SWARZAK NYN
778,BOS,70407,596119,C,B,R,BLAKE SWIHART,BLAKE SWIHART BOS
779,NYN,67132,592789,P,L,R,NOAH SYNDERGAARD,NOAH SYNDERGAARD NYN
780,SDN,65918,519333,RF,R,R,MATT SZCZUR,MATT SZCZUR SDN
781,PIT,68694,592791,P,R,R,JAMESON TAILLON,JAMESON TAILLON PIT
782,NYA,59473,547888,P,R,R,MASAHIRO TANAKA,MASAHIRO TANAKA NYA
783,COL,103523,643565,CF,L,L,MICHAEL TAUCHMAN,MICHAEL TAUCHMAN COL
784,LAN,100496,621035,SS,R,R,CHRIS TAYLOR,CHRIS TAYLOR LAN
785,WAS,66594,572191,CF,R,R,MICHAEL TAYLOR,MICHAEL TAYLOR WAS
786,MIA,58984,547749,P,R,R,JUNICHI TAZAWA,JUNICHI TAZAWA MIA
787,ATL,58731,527054,P,R,R,JULIO TEHERAN,JULIO TEHERAN ATL
788,MIA,59818,542513,C,B,R,TOMAS TELIS,TOMAS TELIS MIA
789,TOR,60107,572193,P,R,R,RYAN TEPERA,RYAN TEPERA TOR
790,MIL,59346,519346,1B,L,R,ERIC THAMES,ERIC THAMES MIL
791,PHI,100731,622097,P,R,R,JAKE THOMPSON,JAKE THOMPSON PHI
792,OAK,60737,572204,CF,R,R,TRAYCE THOMPSON,TRAYCE THOMPSON OAK
793,BAL,50062,501957,P,R,R,CHRIS TILLMAN,CHRIS TILLMAN BAL
794,TEX,101662,624636,CF,R,R,CARLOS TOCCI,CARLOS TOCCI TEX
795,CLE,52032,458708,P,R,R,JOSH TOMLIN,JOSH TOMLIN CLE
796,SFN,69580,605509,2B,R,R,KELBY TOMLINSON,KELBY TOMLINSON SFN
797,NYA,66883,591720,2B,R,R,RONALD TORREYES,RONALD TORREYES NYA
798,TOR,100193,581527,2B,R,R,DEVON TRAVIS,DEVON TRAVIS TOR
799,OAK,68804,595014,P,R,R,BLAKE TREINEN,BLAKE TREINEN OAK
800,OAK,68702,592811,P,R,R,ANDREW TRIGGS,ANDREW TRIGGS OAK
801,OAK,102770,642152,P,R,R,LOU TRIVINO,LOU TRIVINO OAK
802,ANA,69964,607374,P,R,R,NICK TROPEANO,NICK TROPEANO ANA
803,ANA,59432,545361,CF,R,R,MIKE TROUT,MIKE TROUT ANA
804,ATL,70886,605512,RF,L,L,PRESTON TUCKER,PRESTON TUCKER ATL
805,SLN,67139,592815,P,R,R,SAM TUIVAILALA,SAM TUIVAILALA SLN
806,MIA,66008,545363,P,R,R,JACOB TURNER,JACOB TURNER MIA
807,WAS,70917,607208,SS,R,R,TREA TURNER,TREA TURNER WAS
808,ANA,51985,457708,LF,R,R,JUSTIN UPTON,JUSTIN UPTON ANA
809,MIA,66311,570632,P,R,R,JOSE URENA,JOSE URENA MIA
810,LAN,16632,400284,2B,L,R,CHASE UTLEY,CHASE UTLEY LAN
811,COL,102775,642162,SS,R,R,PAT VALAIKA,PAT VALAIKA COL
812,ANA,46752,472528,3B,L,R,LUIS VALBUENA,LUIS VALBUENA ANA
813,BAL,50147,502143,3B,R,R,DANNY VALENCIA,DANNY VALENCIA BAL
814,LAN,66907,591971,2B,B,R,BREYVIC VALERA,BREYVIC VALERA LAN
815,BOS,58767,543877,C,R,R,CHRISTIAN VAZQUEZ,CHRISTIAN VAZQUEZ BOS
816,PIT,66064,553878,P,L,L,FELIPE VAZQUEZ,FELIPE VAZQUEZ PIT
817,PHI,67143,592826,P,R,R,VINCENT VELASQUEZ,VINCENT VELASQUEZ PHI
818,BOS,66774,584171,P,R,R,HECTOR VELAZQUEZ,HECTOR VELAZQUEZ BOS
819,DET,100188,572403,P,R,R,DREW VERHAGEN,DREW VERHAGEN DET
820,HOU,45613,434378,P,R,R,JUSTIN VERLANDER,JUSTIN VERLANDER HOU
821,BAL,101121,622713,SS,B,R,ENGELB VIELMA,ENGELB VIELMA BAL
822,SDN,66416,570799,3B,R,R,CHRISTIAN VILLANUEVA,CHRISTIAN VILLANUEVA SDN
823,MIL,59688,542340,SS,B,R,JONATHAN VILLAR,JONATHAN VILLAR MIL
824,SEA,58289,543883,P,R,R,NICK VINCENT,NICK VINCENT SEA
825,ATL,58775,527055,P,R,R,ARODYS VIZCAINO,ARODYS VIZCAINO ATL
826,SEA,70408,596129,1B,L,R,DAN VOGELBACH,DAN VOGELBACH SEA
827,CHA,46849,458690,P,R,R,CHRIS VOLSTAD,CHRIS VOLSTAD CHA
828,CIN,45487,458015,1B,L,R,JOEY VOTTO,JOEY VOTTO CIN
829,SLN,70641,608379,P,R,R,MICHAEL WACHA,MICHAEL WACHA SLN
830,NYA,102779,642180,SS,L,R,TYLER WADE,TYLER WADE NYA
831,SLN,31361,425794,P,R,R,ADAM WAINWRIGHT,ADAM WAINWRIGHT SLN
832,BOS,56949,519393,P,R,R,MARCUS WALDEN,MARCUS WALDEN BOS
833,ARI,100121,572233,1B,R,R,CHRISTIAN WALKER,CHRISTIAN WALKER ARI
834,NYA,49024,435522,2B,B,R,NEIL WALKER,NEIL WALKER NYA
835,ARI,67148,592836,P,R,R,TAIJUAN WALKER,TAIJUAN WALKER ARI
836,MIA,68982,595453,C,R,R,CHAD WALLACH,CHAD WALLACH MIA
837,NYA,60759,476589,P,R,R,ADAM WARREN,ADAM WARREN NYA
838,SFN,56957,453265,P,L,L,TONY WATSON,TONY WATSON SFN
839,SLN,70913,596133,P,R,R,LUKE WEAVER,LUKE WEAVER SLN
840,SDN,71344,643778,P,R,L,TYLER WEBB,TYLER WEBB SDN
841,TBA,60047,543901,P,R,R,RYAN WEBER,RYAN WEBER TBA
842,CIN,68712,592848,P,R,R,ZACHARY WEISS,ZACHARY WEISS CIN
843,TBA,100666,621563,2B,L,R,JOEY WENDLE,JOEY WENDLE TBA
844,NYN,66213,554430,P,L,R,ZACK WHEELER,ZACK WHEELER NYN
845,WAS,57712,446308,C,B,R,MATT WIETERS,MATT WIETERS WAS
846,PHI,70645,608384,RF,L,L,NICK WILLIAMS,NICK WILLIAMS PHI
847,MIL,102049,592865,P,B,R,TAYLOR WILLIAMS,TAYLOR WILLIAMS MIL
848,PIT,100206,592866,P,R,R,TREVOR WILLIAMS,TREVOR WILLIAMS PIT
849,DET,60051,543935,P,R,R,ALEX WILSON,ALEX WILSON DET
850,CHN,59179,458677,P,L,L,JUSTIN WILSON,JUSTIN WILSON CHN
851,CIN,70646,608385,RF,L,L,JESSE WINKER,JESSE WINKER CIN
852,ATL,68990,595465,P,R,R,DANIEL WINKLER,DANIEL WINKLER ATL
853,COL,66017,547172,C,L,R,TONY WOLTERS,TONY WOLTERS COL
854,SLN,70262,543939,2B,L,R,KOLTEN WONG,KOLTEN WONG SLN
855,LAN,100718,622072,P,R,L,ALEX WOOD,ALEX WOOD LAN
856,ANA,50095,502028,P,R,R,BLAKE WOOD,BLAKE WOOD ANA
857,TBA,102124,621056,P,R,R,HUNTER WOOD,HUNTER WOOD TBA
858,MIL,70798,605540,P,L,R,BRANDON WOODRUFF,BRANDON WOODRUFF MIL
859,BAL,70498,605541,P,R,R,MIKE WRIGHT,MIKE WRIGHT BAL
860,BAL,102793,642231,P,R,R,JIMMY YACABONIS,JIMMY YACABONIS BAL
861,TBA,103929,642232,P,R,L,RYAN YARBROUGH,RYAN YARBROUGH TBA
862,SDN,59239,489446,P,L,R,KIRBY YATES,KIRBY YATES SDN
863,MIL,67156,592885,LF,L,R,CHRISTIAN YELICH,CHRISTIAN YELICH MIL
864,ANA,45492,455759,LF,R,R,CHRIS YOUNG,CHRIS YOUNG ANA
865,MIA,49218,446899,P,R,R,BRAD ZIEGLER,BRAD ZIEGLER MIA
866,CLE,70950,605548,CF,L,R,BRADLEY ZIMMER,BRADLEY ZIMMER CLE
867,WAS,45623,475582,LF,R,R,RYAN ZIMMERMAN,RYAN ZIMMERMAN WAS
868,DET,57163,519455,P,R,R,JORDAN ZIMMERMANN,JORDAN ZIMMERMANN DET
869,CHN,45495,450314,2B,B,R,BEN ZOBRIST,BEN ZOBRIST CHN
